{
  "project_info": {
    "project_number": "463897248811",
    "firebase_url": "https://android-pro-5bb9e-default-rtdb.firebaseio.com",
    "project_id": "android-pro-5bb9e",
    "storage_bucket": "android-pro-5bb9e.appspot.com"
  },
  "client": [
    {
      "client_info": {
        "mobilesdk_app_id": "1:463897248811:android:a4ed354bf9f1b72830966e",
        "android_client_info": {
          "package_name": "com.kkly.prac7"
        }
      },
      "oauth_client": [
        {
          "client_id": "463897248811-jtb47iilmv4mg5ao0b7tgq7hrf4pikmf.apps.googleusercontent.com",
          "client_type": 3
        }
      ],
      "api_key": [
        {
          "current_key": "AIzaSyAFZd1JBno4tmfspjPV0kCNhBBh7sstNDk"
        }
      ],
      "services": {
        "appinvite_service": {
          "other_platform_oauth_client": [
            {
              "client_id": "463897248811-jtb47iilmv4mg5ao0b7tgq7hrf4pikmf.apps.googleusercontent.com",
              "client_type": 3
            }
          ]
        }
      }
    }
  ],
  "configuration_version": "1"
}